scaffold;start;end;Segment;depth;sample;wasp;host
scaffold_seg1;1;19972;Segment_1;16.9971;BfCsCo1;cotesia_sesamiae_mombasa;busseola_fusca
scaffold_seg2;1;16760;Segment_2;4.03861;BfCsCo1;cotesia_sesamiae_mombasa;busseola_fusca
scaffold_seg4;1;9430;Segment_4;3.27935;BfCsCo1;cotesia_sesamiae_mombasa;busseola_fusca
scaffold_seg5;1;10169;Segment_5;2.2143;BfCsCo1;cotesia_sesamiae_mombasa;busseola_fusca
scaffold_seg6;1;10728;Segment_6;0.327212;BfCsCo1;cotesia_sesamiae_mombasa;busseola_fusca
scaffold_seg7;1;18723;Segment_7;7.61238;BfCsCo1;cotesia_sesamiae_mombasa;busseola_fusca
scaffold_seg8;1;4485;Segment_8;6.15098;BfCsCo1;cotesia_sesamiae_mombasa;busseola_fusca
scaffold_seg12;1;12815;Segment_12;2.54386;BfCsCo1;cotesia_sesamiae_mombasa;busseola_fusca
scaffold_seg13;1;20885;Segment_13;2.75484;BfCsCo1;cotesia_sesamiae_mombasa;busseola_fusca
scaffold_seg14;1;24270;Segment_14;3.04314;BfCsCo1;cotesia_sesamiae_mombasa;busseola_fusca
scaffold_seg15;1;732;Segment_15;0;BfCsCo1;cotesia_sesamiae_mombasa;busseola_fusca
scaffold_seg16;1;10741;Segment_16;4.36341;BfCsCo1;cotesia_sesamiae_mombasa;busseola_fusca
scaffold_seg17_k;826;14488;Segment_17;3.69053;BfCsCo1;cotesia_sesamiae_mombasa;busseola_fusca
scaffold_seg18;1;24926;Segment_18;3.86853;BfCsCo1;cotesia_sesamiae_mombasa;busseola_fusca
scaffold_Seg23;1;13167;Segment_23;1.98435;BfCsCo1;cotesia_sesamiae_mombasa;busseola_fusca
scaffold_seg24;1;21072;Segment_24;4.48256;BfCsCo1;cotesia_sesamiae_mombasa;busseola_fusca
scaffold_seg25;1;10473;Segment_25;2.53992;BfCsCo1;cotesia_sesamiae_mombasa;busseola_fusca
scaffold_seg26;1;10568;Segment_26;6.09558;BfCsCo1;cotesia_sesamiae_mombasa;busseola_fusca
scaffold_seg27;3700;30523;Segment_27;4.70809;BfCsCo1;cotesia_sesamiae_mombasa;busseola_fusca
scaffold_seg28;1;37865;Segment_28;3.40954;BfCsCo1;cotesia_sesamiae_mombasa;busseola_fusca
scaffold_seg30;1;10264;Segment_30;1.41216;BfCsCo1;cotesia_sesamiae_mombasa;busseola_fusca
scaffold_seg32;1;32998;Segment_32;3.25327;BfCsCo1;cotesia_sesamiae_mombasa;busseola_fusca
scaffold_seg33;1;24093;Segment_33;2.86448;BfCsCo1;cotesia_sesamiae_mombasa;busseola_fusca
scaffold_seg35;1;13975;Segment_35;3.4167;BfCsCo1;cotesia_sesamiae_mombasa;busseola_fusca
scaffold_seg36;1;11414;Segment_36;3.06887;BfCsCo1;cotesia_sesamiae_mombasa;busseola_fusca
scaffold_seg37;1;3633;Segment_37;1.51267;BfCsCo1;cotesia_sesamiae_mombasa;busseola_fusca
scaffold_seg10;1;17421;Segment_10;3.0938;BfCsCo1;cotesia_sesamiae_mombasa;busseola_fusca
scaffold_seg11;45;11916;Segment_11;1.18145;BfCsCo1;cotesia_sesamiae_mombasa;busseola_fusca
scaffold_seg1;1;19972;Segment_1;16.4708;BfCsCo2;cotesia_sesamiae_mombasa;busseola_fusca
scaffold_seg2;1;16760;Segment_2;3.70511;BfCsCo2;cotesia_sesamiae_mombasa;busseola_fusca
scaffold_seg4;1;9430;Segment_4;2.2994;BfCsCo2;cotesia_sesamiae_mombasa;busseola_fusca
scaffold_seg5;1;10169;Segment_5;1.89221;BfCsCo2;cotesia_sesamiae_mombasa;busseola_fusca
scaffold_seg6;1;10728;Segment_6;0.897175;BfCsCo2;cotesia_sesamiae_mombasa;busseola_fusca
scaffold_seg7;1;18723;Segment_7;5.61681;BfCsCo2;cotesia_sesamiae_mombasa;busseola_fusca
scaffold_seg8;1;4485;Segment_8;3.16548;BfCsCo2;cotesia_sesamiae_mombasa;busseola_fusca
scaffold_seg12;1;12815;Segment_12;2.64578;BfCsCo2;cotesia_sesamiae_mombasa;busseola_fusca
scaffold_seg13;1;20885;Segment_13;4.02571;BfCsCo2;cotesia_sesamiae_mombasa;busseola_fusca
scaffold_seg14;1;24270;Segment_14;2.27154;BfCsCo2;cotesia_sesamiae_mombasa;busseola_fusca
scaffold_seg15;1;732;Segment_15;0;BfCsCo2;cotesia_sesamiae_mombasa;busseola_fusca
scaffold_seg16;1;10741;Segment_16;4.56704;BfCsCo2;cotesia_sesamiae_mombasa;busseola_fusca
scaffold_seg17_k;826;14488;Segment_17;3.05482;BfCsCo2;cotesia_sesamiae_mombasa;busseola_fusca
scaffold_seg18;1;24926;Segment_18;4.1659;BfCsCo2;cotesia_sesamiae_mombasa;busseola_fusca
scaffold_Seg23;1;13167;Segment_23;2.99354;BfCsCo2;cotesia_sesamiae_mombasa;busseola_fusca
scaffold_seg24;1;21072;Segment_24;4.46789;BfCsCo2;cotesia_sesamiae_mombasa;busseola_fusca
scaffold_seg25;1;10473;Segment_25;3.01805;BfCsCo2;cotesia_sesamiae_mombasa;busseola_fusca
scaffold_seg26;1;10568;Segment_26;5.16684;BfCsCo2;cotesia_sesamiae_mombasa;busseola_fusca
scaffold_seg27;3700;30523;Segment_27;4.66611;BfCsCo2;cotesia_sesamiae_mombasa;busseola_fusca
scaffold_seg28;1;37865;Segment_28;3.66741;BfCsCo2;cotesia_sesamiae_mombasa;busseola_fusca
scaffold_seg30;1;10264;Segment_30;2.228;BfCsCo2;cotesia_sesamiae_mombasa;busseola_fusca
scaffold_seg32;1;32998;Segment_32;4.46744;BfCsCo2;cotesia_sesamiae_mombasa;busseola_fusca
scaffold_seg33;1;24093;Segment_33;3.37075;BfCsCo2;cotesia_sesamiae_mombasa;busseola_fusca
scaffold_seg35;1;13975;Segment_35;3.81795;BfCsCo2;cotesia_sesamiae_mombasa;busseola_fusca
scaffold_seg36;1;11414;Segment_36;3.00666;BfCsCo2;cotesia_sesamiae_mombasa;busseola_fusca
scaffold_seg37;1;3633;Segment_37;0.703469;BfCsCo2;cotesia_sesamiae_mombasa;busseola_fusca
scaffold_seg10;1;17421;Segment_10;2.72434;BfCsCo2;cotesia_sesamiae_mombasa;busseola_fusca
scaffold_seg11;45;11916;Segment_11;1.27614;BfCsCo2;cotesia_sesamiae_mombasa;busseola_fusca
scaffold_seg1;1;19972;Segment_1;5.416;BfCsCo3;cotesia_sesamiae_mombasa;busseola_fusca
scaffold_seg2;1;16760;Segment_2;2.37789;BfCsCo3;cotesia_sesamiae_mombasa;busseola_fusca
scaffold_seg4;1;9430;Segment_4;0.774101;BfCsCo3;cotesia_sesamiae_mombasa;busseola_fusca
scaffold_seg5;1;10169;Segment_5;1.04386;BfCsCo3;cotesia_sesamiae_mombasa;busseola_fusca
scaffold_seg6;1;10728;Segment_6;0.17125;BfCsCo3;cotesia_sesamiae_mombasa;busseola_fusca
scaffold_seg7;1;18723;Segment_7;2.56783;BfCsCo3;cotesia_sesamiae_mombasa;busseola_fusca
scaffold_seg8;1;4485;Segment_8;2.69068;BfCsCo3;cotesia_sesamiae_mombasa;busseola_fusca
scaffold_seg12;1;12815;Segment_12;1.06267;BfCsCo3;cotesia_sesamiae_mombasa;busseola_fusca
scaffold_seg13;1;20885;Segment_13;1.35352;BfCsCo3;cotesia_sesamiae_mombasa;busseola_fusca
scaffold_seg14;1;24270;Segment_14;0.670815;BfCsCo3;cotesia_sesamiae_mombasa;busseola_fusca
scaffold_seg15;1;732;Segment_15;0;BfCsCo3;cotesia_sesamiae_mombasa;busseola_fusca
scaffold_seg16;1;10741;Segment_16;0.975791;BfCsCo3;cotesia_sesamiae_mombasa;busseola_fusca
scaffold_seg17_k;826;14488;Segment_17;0.900454;BfCsCo3;cotesia_sesamiae_mombasa;busseola_fusca
scaffold_seg18;1;24926;Segment_18;1.22086;BfCsCo3;cotesia_sesamiae_mombasa;busseola_fusca
scaffold_Seg23;1;13167;Segment_23;1.05036;BfCsCo3;cotesia_sesamiae_mombasa;busseola_fusca
scaffold_seg24;1;21072;Segment_24;1.73841;BfCsCo3;cotesia_sesamiae_mombasa;busseola_fusca
scaffold_seg25;1;10473;Segment_25;1.20712;BfCsCo3;cotesia_sesamiae_mombasa;busseola_fusca
scaffold_seg26;1;10568;Segment_26;1.86231;BfCsCo3;cotesia_sesamiae_mombasa;busseola_fusca
scaffold_seg27;3700;30523;Segment_27;1.17332;BfCsCo3;cotesia_sesamiae_mombasa;busseola_fusca
scaffold_seg28;1;37865;Segment_28;1.30496;BfCsCo3;cotesia_sesamiae_mombasa;busseola_fusca
scaffold_seg30;1;10264;Segment_30;1.78934;BfCsCo3;cotesia_sesamiae_mombasa;busseola_fusca
scaffold_seg32;1;32998;Segment_32;1.26166;BfCsCo3;cotesia_sesamiae_mombasa;busseola_fusca
scaffold_seg33;1;24093;Segment_33;1.71762;BfCsCo3;cotesia_sesamiae_mombasa;busseola_fusca
scaffold_seg35;1;13975;Segment_35;0.861958;BfCsCo3;cotesia_sesamiae_mombasa;busseola_fusca
scaffold_seg36;1;11414;Segment_36;1.47972;BfCsCo3;cotesia_sesamiae_mombasa;busseola_fusca
scaffold_seg37;1;3633;Segment_37;0.240363;BfCsCo3;cotesia_sesamiae_mombasa;busseola_fusca
scaffold_seg10;1;17421;Segment_10;0.995293;BfCsCo3;cotesia_sesamiae_mombasa;busseola_fusca
scaffold_seg11;45;11916;Segment_11;0.691517;BfCsCo3;cotesia_sesamiae_mombasa;busseola_fusca
scaffold_1278;11757;31567;Segment_1;203.777;BfCsIn3;cotesia_sesamiae_kitale;busseola_fusca
scaffold_522;242;10656;Segment_16;79.6599;BfCsIn3;cotesia_sesamiae_kitale;busseola_fusca
scaffold_seg7;409;19333;Segment_7;122.719;BfCsIn3;cotesia_sesamiae_kitale;busseola_fusca
scaffold_seg17;1;13662;Segment_17;70.1744;BfCsIn3;cotesia_sesamiae_kitale;busseola_fusca
scaffold_seg12;910;13751;Segment_12;46.3117;BfCsIn3;cotesia_sesamiae_kitale;busseola_fusca
scaffold_seg14;15025;40507;Segment_14;36.3558;BfCsIn3;cotesia_sesamiae_kitale;busseola_fusca
scaffold_seg18;1;27168;Segment_18;69.3504;BfCsIn3;cotesia_sesamiae_kitale;busseola_fusca
scaffold_seg26;2631;14106;Segment_26;91.9764;BfCsIn3;cotesia_sesamiae_kitale;busseola_fusca
scaffold_seg27;3726;30546;Segment_27;78.2611;BfCsIn3;cotesia_sesamiae_kitale;busseola_fusca
scaffold_seg32;1;34249;Segment_32;62.0935;BfCsIn3;cotesia_sesamiae_kitale;busseola_fusca
scaffold_seg4;3655;13204;Segment_4;71.6012;BfCsIn3;cotesia_sesamiae_kitale;busseola_fusca
scaffold_seg24;1;21151;Segment_24;64.8098;BfCsIn3;cotesia_sesamiae_kitale;busseola_fusca
scaffold_seg35;1;14181;Segment_35;63.3838;BfCsIn3;cotesia_sesamiae_kitale;busseola_fusca
scaffold_seg28;1;37905;Segment_28;63.8482;BfCsIn3;cotesia_sesamiae_kitale;busseola_fusca
scaffold_seg2;1;17717;Segment_2;100.945;BfCsIn3;cotesia_sesamiae_kitale;busseola_fusca
scaffold_seg13;1;21345;Segment_13;68.5064;BfCsIn3;cotesia_sesamiae_kitale;busseola_fusca
scaffold_seg23;1;13160;Segment_23;77.1417;BfCsIn3;cotesia_sesamiae_kitale;busseola_fusca
scaffold_seg25;1;10483;Segment_25;79.0783;BfCsIn3;cotesia_sesamiae_kitale;busseola_fusca
scaffold_seg30;1;10891;Segment_30;169.646;BfCsIn3;cotesia_sesamiae_kitale;busseola_fusca
scaffold_seg36;1;11419;Segment_36;63.2775;BfCsIn3;cotesia_sesamiae_kitale;busseola_fusca
scaffold_seg8;1;5362;Segment_8;239.12;BfCsIn3;cotesia_sesamiae_kitale;busseola_fusca
scaffold_seg6;1;10903;Segment_6;33.6995;BfCsIn3;cotesia_sesamiae_kitale;busseola_fusca
scaffold_seg5;1;10278;Segment_5;46.6705;BfCsIn3;cotesia_sesamiae_kitale;busseola_fusca
scaffold_seg37;1;3624;Segment_37;13.5335;BfCsIn3;cotesia_sesamiae_kitale;busseola_fusca
scaffold_seg33;1;24407;Segment_33;55.5754;BfCsIn3;cotesia_sesamiae_kitale;busseola_fusca
scaffold_seg15;1;732;Segment_15;10.7346;BfCsIn3;cotesia_sesamiae_kitale;busseola_fusca
scaffold_seg10;1;17413;Segment_10;88.6831;BfCsIn3;cotesia_sesamiae_kitale;busseola_fusca
scaffold_seg11;57;11906;Segment_11;78.0068;BfCsIn3;cotesia_sesamiae_kitale;busseola_fusca
scaffold_1278;11757;31567;Segment_1;124.826;BfCsIn2;cotesia_sesamiae_kitale;busseola_fusca
scaffold_522;242;10656;Segment_16;54.6749;BfCsIn2;cotesia_sesamiae_kitale;busseola_fusca
scaffold_seg7;409;19333;Segment_7;80.3781;BfCsIn2;cotesia_sesamiae_kitale;busseola_fusca
scaffold_seg17;1;13662;Segment_17;47.1479;BfCsIn2;cotesia_sesamiae_kitale;busseola_fusca
scaffold_seg12;910;13751;Segment_12;30.2537;BfCsIn2;cotesia_sesamiae_kitale;busseola_fusca
scaffold_seg14;15025;40507;Segment_14;28.0954;BfCsIn2;cotesia_sesamiae_kitale;busseola_fusca
scaffold_seg18;1;27168;Segment_18;47.7341;BfCsIn2;cotesia_sesamiae_kitale;busseola_fusca
scaffold_seg26;2631;14106;Segment_26;59.2021;BfCsIn2;cotesia_sesamiae_kitale;busseola_fusca
scaffold_seg27;3726;30546;Segment_27;55.8591;BfCsIn2;cotesia_sesamiae_kitale;busseola_fusca
scaffold_seg32;1;34249;Segment_32;42.2545;BfCsIn2;cotesia_sesamiae_kitale;busseola_fusca
scaffold_seg4;3655;13204;Segment_4;44.4065;BfCsIn2;cotesia_sesamiae_kitale;busseola_fusca
scaffold_seg24;1;21151;Segment_24;38.6956;BfCsIn2;cotesia_sesamiae_kitale;busseola_fusca
scaffold_seg35;1;14181;Segment_35;40.4623;BfCsIn2;cotesia_sesamiae_kitale;busseola_fusca
scaffold_seg28;1;37905;Segment_28;41.6054;BfCsIn2;cotesia_sesamiae_kitale;busseola_fusca
scaffold_seg2;1;17717;Segment_2;82.8799;BfCsIn2;cotesia_sesamiae_kitale;busseola_fusca
scaffold_seg13;1;21345;Segment_13;52.0344;BfCsIn2;cotesia_sesamiae_kitale;busseola_fusca
scaffold_seg23;1;13160;Segment_23;62.5361;BfCsIn2;cotesia_sesamiae_kitale;busseola_fusca
scaffold_seg25;1;10483;Segment_25;54.4983;BfCsIn2;cotesia_sesamiae_kitale;busseola_fusca
scaffold_seg30;1;10891;Segment_30;141.596;BfCsIn2;cotesia_sesamiae_kitale;busseola_fusca
scaffold_seg36;1;11419;Segment_36;51.7428;BfCsIn2;cotesia_sesamiae_kitale;busseola_fusca
scaffold_seg8;1;5362;Segment_8;63.4488;BfCsIn2;cotesia_sesamiae_kitale;busseola_fusca
scaffold_seg6;1;10903;Segment_6;24.4204;BfCsIn2;cotesia_sesamiae_kitale;busseola_fusca
scaffold_seg5;1;10278;Segment_5;38.0306;BfCsIn2;cotesia_sesamiae_kitale;busseola_fusca
scaffold_seg37;1;3624;Segment_37;18.5148;BfCsIn2;cotesia_sesamiae_kitale;busseola_fusca
scaffold_seg33;1;24407;Segment_33;41.8995;BfCsIn2;cotesia_sesamiae_kitale;busseola_fusca
scaffold_seg15;1;732;Segment_15;14.3064;BfCsIn2;cotesia_sesamiae_kitale;busseola_fusca
scaffold_seg10;1;17413;Segment_10;61.6802;BfCsIn2;cotesia_sesamiae_kitale;busseola_fusca
scaffold_seg11;57;11906;Segment_11;66.5406;BfCsIn2;cotesia_sesamiae_kitale;busseola_fusca
scaffold_1278;11757;31567;Segment_1;65.1843;BfCsIn1;cotesia_sesamiae_kitale;busseola_fusca
scaffold_522;242;10656;Segment_16;28.3369;BfCsIn1;cotesia_sesamiae_kitale;busseola_fusca
scaffold_seg7;409;19333;Segment_7;45.6345;BfCsIn1;cotesia_sesamiae_kitale;busseola_fusca
scaffold_seg17;1;13662;Segment_17;26.4397;BfCsIn1;cotesia_sesamiae_kitale;busseola_fusca
scaffold_seg12;910;13751;Segment_12;19.698;BfCsIn1;cotesia_sesamiae_kitale;busseola_fusca
scaffold_seg14;15025;40507;Segment_14;15.0414;BfCsIn1;cotesia_sesamiae_kitale;busseola_fusca
scaffold_seg18;1;27168;Segment_18;30.3423;BfCsIn1;cotesia_sesamiae_kitale;busseola_fusca
scaffold_seg26;2631;14106;Segment_26;34.913;BfCsIn1;cotesia_sesamiae_kitale;busseola_fusca
scaffold_seg27;3726;30546;Segment_27;30.1368;BfCsIn1;cotesia_sesamiae_kitale;busseola_fusca
scaffold_seg32;1;34249;Segment_32;22.4322;BfCsIn1;cotesia_sesamiae_kitale;busseola_fusca
scaffold_seg4;3655;13204;Segment_4;31.5689;BfCsIn1;cotesia_sesamiae_kitale;busseola_fusca
scaffold_seg24;1;21151;Segment_24;23.5516;BfCsIn1;cotesia_sesamiae_kitale;busseola_fusca
scaffold_seg35;1;14181;Segment_35;21.9556;BfCsIn1;cotesia_sesamiae_kitale;busseola_fusca
scaffold_seg28;1;37905;Segment_28;22.6198;BfCsIn1;cotesia_sesamiae_kitale;busseola_fusca
scaffold_seg2;1;17717;Segment_2;46.2753;BfCsIn1;cotesia_sesamiae_kitale;busseola_fusca
scaffold_seg13;1;21345;Segment_13;30.09;BfCsIn1;cotesia_sesamiae_kitale;busseola_fusca
scaffold_seg23;1;13160;Segment_23;29.8074;BfCsIn1;cotesia_sesamiae_kitale;busseola_fusca
scaffold_seg25;1;10483;Segment_25;29.6078;BfCsIn1;cotesia_sesamiae_kitale;busseola_fusca
scaffold_seg30;1;10891;Segment_30;81.2385;BfCsIn1;cotesia_sesamiae_kitale;busseola_fusca
scaffold_seg36;1;11419;Segment_36;23.1131;BfCsIn1;cotesia_sesamiae_kitale;busseola_fusca
scaffold_seg8;1;5362;Segment_8;76.0073;BfCsIn1;cotesia_sesamiae_kitale;busseola_fusca
scaffold_seg6;1;10903;Segment_6;14.0097;BfCsIn1;cotesia_sesamiae_kitale;busseola_fusca
scaffold_seg5;1;10278;Segment_5;16.029;BfCsIn1;cotesia_sesamiae_kitale;busseola_fusca
scaffold_seg37;1;3624;Segment_37;6.00883;BfCsIn1;cotesia_sesamiae_kitale;busseola_fusca
scaffold_seg33;1;24407;Segment_33;23.0792;BfCsIn1;cotesia_sesamiae_kitale;busseola_fusca
scaffold_seg15;1;732;Segment_15;5.66347;BfCsIn1;cotesia_sesamiae_kitale;busseola_fusca
scaffold_seg10;1;17413;Segment_10;37.4959;BfCsIn1;cotesia_sesamiae_kitale;busseola_fusca
scaffold_seg11;57;11906;Segment_11;37.0704;BfCsIn1;cotesia_sesamiae_kitale;busseola_fusca
scaffold_seg1;1;19972;Segment_1;384.398;Co1;cotesia_sesamiae_mombasa;sesamia_calamistis
scaffold_seg2;1;16760;Segment_2;130.673;Co1;cotesia_sesamiae_mombasa;sesamia_calamistis
scaffold_seg4;1;9430;Segment_4;150.544;Co1;cotesia_sesamiae_mombasa;sesamia_calamistis
scaffold_seg5;1;10169;Segment_5;92.7618;Co1;cotesia_sesamiae_mombasa;sesamia_calamistis
scaffold_seg6;1;10728;Segment_6;58.7903;Co1;cotesia_sesamiae_mombasa;sesamia_calamistis
scaffold_seg7;1;18723;Segment_7;178.186;Co1;cotesia_sesamiae_mombasa;sesamia_calamistis
scaffold_seg8;1;4485;Segment_8;164.268;Co1;cotesia_sesamiae_mombasa;sesamia_calamistis
scaffold_seg12;1;12815;Segment_12;135.715;Co1;cotesia_sesamiae_mombasa;sesamia_calamistis
scaffold_seg13;1;20885;Segment_13;154.53;Co1;cotesia_sesamiae_mombasa;sesamia_calamistis
scaffold_seg14;1;24270;Segment_14;100.93;Co1;cotesia_sesamiae_mombasa;sesamia_calamistis
scaffold_seg15;1;732;Segment_15;38.156;Co1;cotesia_sesamiae_mombasa;sesamia_calamistis
scaffold_seg16;1;10741;Segment_16;145.2;Co1;cotesia_sesamiae_mombasa;sesamia_calamistis
scaffold_seg17;826;14488;Segment_17;197.178;Co1;cotesia_sesamiae_mombasa;sesamia_calamistis
scaffold_seg18;1;24926;Segment_18;172.332;Co1;cotesia_sesamiae_mombasa;sesamia_calamistis
scaffold_Seg23;1;13167;Segment_23;170.429;Co1;cotesia_sesamiae_mombasa;sesamia_calamistis
scaffold_seg24;1;21072;Segment_24;141.491;Co1;cotesia_sesamiae_mombasa;sesamia_calamistis
scaffold_seg25;1;10473;Segment_25;118.315;Co1;cotesia_sesamiae_mombasa;sesamia_calamistis
scaffold_seg26;1;10568;Segment_26;222.935;Co1;cotesia_sesamiae_mombasa;sesamia_calamistis
scaffold_seg27;3700;30523;Segment_27;193.16;Co1;cotesia_sesamiae_mombasa;sesamia_calamistis
scaffold_seg28;1;37865;Segment_28;131.688;Co1;cotesia_sesamiae_mombasa;sesamia_calamistis
scaffold_seg30;1;10264;Segment_30;123.452;Co1;cotesia_sesamiae_mombasa;sesamia_calamistis
scaffold_seg32;1;32998;Segment_32;148.154;Co1;cotesia_sesamiae_mombasa;sesamia_calamistis
scaffold_seg33;1;24093;Segment_33;111.918;Co1;cotesia_sesamiae_mombasa;sesamia_calamistis
scaffold_seg35;1;13975;Segment_35;141.204;Co1;cotesia_sesamiae_mombasa;sesamia_calamistis
scaffold_seg36;1;11414;Segment_36;138.41;Co1;cotesia_sesamiae_mombasa;sesamia_calamistis
scaffold_seg37;1;3633;Segment_37;71.6286;Co1;cotesia_sesamiae_mombasa;sesamia_calamistis
scaffold_seg10;1;17421;Segment_10;156.168;Co1;cotesia_sesamiae_mombasa;sesamia_calamistis
scaffold_seg11;45;11916;Segment_11;185.254;Co1;cotesia_sesamiae_mombasa;sesamia_calamistis
scaffold_seg1;1;19972;Segment_1;129.026;Co2;cotesia_sesamiae_mombasa;sesamia_calamistis
scaffold_seg2;1;16760;Segment_2;47.673;Co2;cotesia_sesamiae_mombasa;sesamia_calamistis
scaffold_seg4;1;9430;Segment_4;64.9737;Co2;cotesia_sesamiae_mombasa;sesamia_calamistis
scaffold_seg5;1;10169;Segment_5;36.086;Co2;cotesia_sesamiae_mombasa;sesamia_calamistis
scaffold_seg6;1;10728;Segment_6;29.1592;Co2;cotesia_sesamiae_mombasa;sesamia_calamistis
scaffold_seg7;1;18723;Segment_7;67.1291;Co2;cotesia_sesamiae_mombasa;sesamia_calamistis
scaffold_seg8;1;4485;Segment_8;46.0874;Co2;cotesia_sesamiae_mombasa;sesamia_calamistis
scaffold_seg12;1;12815;Segment_12;58.646;Co2;cotesia_sesamiae_mombasa;sesamia_calamistis
scaffold_seg13;1;20885;Segment_13;67.5027;Co2;cotesia_sesamiae_mombasa;sesamia_calamistis
scaffold_seg14;1;24270;Segment_14;44.7813;Co2;cotesia_sesamiae_mombasa;sesamia_calamistis
scaffold_seg15;1;732;Segment_15;18.2845;Co2;cotesia_sesamiae_mombasa;sesamia_calamistis
scaffold_seg16;1;10741;Segment_16;55.3265;Co2;cotesia_sesamiae_mombasa;sesamia_calamistis
scaffold_seg17;826;14488;Segment_17;95.1815;Co2;cotesia_sesamiae_mombasa;sesamia_calamistis
scaffold_seg18;1;24926;Segment_18;70.57;Co2;cotesia_sesamiae_mombasa;sesamia_calamistis
scaffold_Seg23;1;13167;Segment_23;74.7073;Co2;cotesia_sesamiae_mombasa;sesamia_calamistis
scaffold_seg24;1;21072;Segment_24;54.7943;Co2;cotesia_sesamiae_mombasa;sesamia_calamistis
scaffold_seg25;1;10473;Segment_25;45.5448;Co2;cotesia_sesamiae_mombasa;sesamia_calamistis
scaffold_seg26;1;10568;Segment_26;99.2934;Co2;cotesia_sesamiae_mombasa;sesamia_calamistis
scaffold_seg27;3700;30523;Segment_27;78.2489;Co2;cotesia_sesamiae_mombasa;sesamia_calamistis
scaffold_seg28;1;37865;Segment_28;50.8045;Co2;cotesia_sesamiae_mombasa;sesamia_calamistis
scaffold_seg30;1;10264;Segment_30;56.9401;Co2;cotesia_sesamiae_mombasa;sesamia_calamistis
scaffold_seg32;1;32998;Segment_32;56.1341;Co2;cotesia_sesamiae_mombasa;sesamia_calamistis
scaffold_seg33;1;24093;Segment_33;43.8281;Co2;cotesia_sesamiae_mombasa;sesamia_calamistis
scaffold_seg35;1;13975;Segment_35;51.3201;Co2;cotesia_sesamiae_mombasa;sesamia_calamistis
scaffold_seg36;1;11414;Segment_36;49.2068;Co2;cotesia_sesamiae_mombasa;sesamia_calamistis
scaffold_seg37;1;3633;Segment_37;25.1346;Co2;cotesia_sesamiae_mombasa;sesamia_calamistis
scaffold_seg10;1;17421;Segment_10;70.9913;Co2;cotesia_sesamiae_mombasa;sesamia_calamistis
scaffold_seg11;45;11916;Segment_11;89.3315;Co2;cotesia_sesamiae_mombasa;sesamia_calamistis
scaffold_seg1;1;19972;Segment_1;9.87933;Co3;cotesia_sesamiae_mombasa;sesamia_calamistis
scaffold_seg2;1;16760;Segment_2;0.870756;Co3;cotesia_sesamiae_mombasa;sesamia_calamistis
scaffold_seg4;1;9430;Segment_4;2.11136;Co3;cotesia_sesamiae_mombasa;sesamia_calamistis
scaffold_seg5;1;10169;Segment_5;0.46607;Co3;cotesia_sesamiae_mombasa;sesamia_calamistis
scaffold_seg6;1;10728;Segment_6;0.111774;Co3;cotesia_sesamiae_mombasa;sesamia_calamistis
scaffold_seg7;1;18723;Segment_7;5.26498;Co3;cotesia_sesamiae_mombasa;sesamia_calamistis
scaffold_seg8;1;4485;Segment_8;2.01985;Co3;cotesia_sesamiae_mombasa;sesamia_calamistis
scaffold_seg12;1;12815;Segment_12;1.56126;Co3;cotesia_sesamiae_mombasa;sesamia_calamistis
scaffold_seg13;1;20885;Segment_13;0.648822;Co3;cotesia_sesamiae_mombasa;sesamia_calamistis
scaffold_seg14;1;24270;Segment_14;1.56434;Co3;cotesia_sesamiae_mombasa;sesamia_calamistis
scaffold_seg15;1;732;Segment_15;0;Co3;cotesia_sesamiae_mombasa;sesamia_calamistis
scaffold_seg16;1;10741;Segment_16;2.29134;Co3;cotesia_sesamiae_mombasa;sesamia_calamistis
scaffold_seg17_k;826;14488;Segment_17;1.56309;Co3;cotesia_sesamiae_mombasa;sesamia_calamistis
scaffold_seg18;1;24926;Segment_18;2.41882;Co3;cotesia_sesamiae_mombasa;sesamia_calamistis
scaffold_Seg23;1;13167;Segment_23;1.54048;Co3;cotesia_sesamiae_mombasa;sesamia_calamistis
scaffold_seg24;1;21072;Segment_24;3;Co3;cotesia_sesamiae_mombasa;sesamia_calamistis
scaffold_seg25;1;10473;Segment_25;0.733098;Co3;cotesia_sesamiae_mombasa;sesamia_calamistis
scaffold_seg26;1;10568;Segment_26;3.94208;Co3;cotesia_sesamiae_mombasa;sesamia_calamistis
scaffold_seg27;3700;30523;Segment_27;2.37498;Co3;cotesia_sesamiae_mombasa;sesamia_calamistis
scaffold_seg28;1;37865;Segment_28;1.37949;Co3;cotesia_sesamiae_mombasa;sesamia_calamistis
scaffold_seg30;1;10264;Segment_30;0.565527;Co3;cotesia_sesamiae_mombasa;sesamia_calamistis
scaffold_seg32;1;32998;Segment_32;2.24214;Co3;cotesia_sesamiae_mombasa;sesamia_calamistis
scaffold_seg33;1;24093;Segment_33;0.775195;Co3;cotesia_sesamiae_mombasa;sesamia_calamistis
scaffold_seg35;1;13975;Segment_35;1.61164;Co3;cotesia_sesamiae_mombasa;sesamia_calamistis
scaffold_seg36;1;11414;Segment_36;1.26645;Co3;cotesia_sesamiae_mombasa;sesamia_calamistis
scaffold_seg37;1;3633;Segment_37;0.619218;Co3;cotesia_sesamiae_mombasa;sesamia_calamistis
scaffold_seg10;1;17421;Segment_10;2.09076;Co3;cotesia_sesamiae_mombasa;sesamia_calamistis
scaffold_seg11;45;11916;Segment_11;1.29602;Co3;cotesia_sesamiae_mombasa;sesamia_calamistis
scaffold_1278;11757;31567;Segment_1;269.279;In1;cotesia_sesamiae_kitale;sesamia_calamistis
scaffold_522;242;10656;Segment_16;143.581;In1;cotesia_sesamiae_kitale;sesamia_calamistis
scaffold_seg7;409;19333;Segment_7;183.476;In1;cotesia_sesamiae_kitale;sesamia_calamistis
scaffold_seg17;1;13662;Segment_17;122.316;In1;cotesia_sesamiae_kitale;sesamia_calamistis
scaffold_seg12;910;13751;Segment_12;110.994;In1;cotesia_sesamiae_kitale;sesamia_calamistis
scaffold_seg14;15025;40507;Segment_14;80.7115;In1;cotesia_sesamiae_kitale;sesamia_calamistis
scaffold_seg18;1;27168;Segment_18;151.396;In1;cotesia_sesamiae_kitale;sesamia_calamistis
scaffold_seg26;2631;14106;Segment_26;136.39;In1;cotesia_sesamiae_kitale;sesamia_calamistis
scaffold_seg27;3726;30546;Segment_27;159.725;In1;cotesia_sesamiae_kitale;sesamia_calamistis
scaffold_seg32;1;34249;Segment_32;355.806;In1;cotesia_sesamiae_kitale;sesamia_calamistis
scaffold_seg4;3655;13204;Segment_4;141.412;In1;cotesia_sesamiae_kitale;sesamia_calamistis
scaffold_seg24;1;21151;Segment_24;105.702;In1;cotesia_sesamiae_kitale;sesamia_calamistis
scaffold_seg35;1;14181;Segment_35;111.482;In1;cotesia_sesamiae_kitale;sesamia_calamistis
scaffold_seg28;1;37905;Segment_28;107.795;In1;cotesia_sesamiae_kitale;sesamia_calamistis
scaffold_seg2;1;17717;Segment_2;216.282;In1;cotesia_sesamiae_kitale;sesamia_calamistis
scaffold_seg13;1;21345;Segment_13;132.738;In1;cotesia_sesamiae_kitale;sesamia_calamistis
scaffold_seg23;1;13160;Segment_23;163.82;In1;cotesia_sesamiae_kitale;sesamia_calamistis
scaffold_seg25;1;10483;Segment_25;127.619;In1;cotesia_sesamiae_kitale;sesamia_calamistis
scaffold_seg30;1;10891;Segment_30;372.84;In1;cotesia_sesamiae_kitale;sesamia_calamistis
scaffold_seg36;1;11419;Segment_36;119.601;In1;cotesia_sesamiae_kitale;sesamia_calamistis
scaffold_seg8;1;5362;Segment_8;205.594;In1;cotesia_sesamiae_kitale;sesamia_calamistis
scaffold_seg6;1;10903;Segment_6;59.9378;In1;cotesia_sesamiae_kitale;sesamia_calamistis
scaffold_seg5;1;10278;Segment_5;91.5522;In1;cotesia_sesamiae_kitale;sesamia_calamistis
scaffold_seg37;1;3624;Segment_37;50.2705;In1;cotesia_sesamiae_kitale;sesamia_calamistis
scaffold_seg33;1;24407;Segment_33;90.0318;In1;cotesia_sesamiae_kitale;sesamia_calamistis
scaffold_seg15;1;732;Segment_15;39.6977;In1;cotesia_sesamiae_kitale;sesamia_calamistis
scaffold_seg10;1;17413;Segment_10;170.727;In1;cotesia_sesamiae_kitale;sesamia_calamistis
scaffold_seg11;57;11906;Segment_11;201.083;In1;cotesia_sesamiae_kitale;sesamia_calamistis
scaffold_1278;11757;31567;Segment_1;82.5552;In2;cotesia_sesamiae_kitale;sesamia_calamistis
scaffold_522;242;10656;Segment_16;32.0565;In2;cotesia_sesamiae_kitale;sesamia_calamistis
scaffold_seg7;409;19333;Segment_7;42.1545;In2;cotesia_sesamiae_kitale;sesamia_calamistis
scaffold_seg17;1;13662;Segment_17;27.8092;In2;cotesia_sesamiae_kitale;sesamia_calamistis
scaffold_seg12;910;13751;Segment_12;17.5462;In2;cotesia_sesamiae_kitale;sesamia_calamistis
scaffold_seg14;15025;40507;Segment_14;15.6101;In2;cotesia_sesamiae_kitale;sesamia_calamistis
scaffold_seg18;1;27168;Segment_18;28.5785;In2;cotesia_sesamiae_kitale;sesamia_calamistis
scaffold_seg26;2631;14106;Segment_26;29.8696;In2;cotesia_sesamiae_kitale;sesamia_calamistis
scaffold_seg27;3726;30546;Segment_27;31.3839;In2;cotesia_sesamiae_kitale;sesamia_calamistis
scaffold_seg32;1;34249;Segment_32;76.1975;In2;cotesia_sesamiae_kitale;sesamia_calamistis
scaffold_seg4;3655;13204;Segment_4;27.1779;In2;cotesia_sesamiae_kitale;sesamia_calamistis
scaffold_seg24;1;21151;Segment_24;25.0701;In2;cotesia_sesamiae_kitale;sesamia_calamistis
scaffold_seg35;1;14181;Segment_35;28.2399;In2;cotesia_sesamiae_kitale;sesamia_calamistis
scaffold_seg28;1;37905;Segment_28;23.7977;In2;cotesia_sesamiae_kitale;sesamia_calamistis
scaffold_seg2;1;17717;Segment_2;40.8684;In2;cotesia_sesamiae_kitale;sesamia_calamistis
scaffold_seg13;1;21345;Segment_13;27.0169;In2;cotesia_sesamiae_kitale;sesamia_calamistis
scaffold_seg23;1;13160;Segment_23;32.2355;In2;cotesia_sesamiae_kitale;sesamia_calamistis
scaffold_seg25;1;10483;Segment_25;33.8267;In2;cotesia_sesamiae_kitale;sesamia_calamistis
scaffold_seg30;1;10891;Segment_30;52.2752;In2;cotesia_sesamiae_kitale;sesamia_calamistis
scaffold_seg36;1;11419;Segment_36;25.6378;In2;cotesia_sesamiae_kitale;sesamia_calamistis
scaffold_seg8;1;5362;Segment_8;59.6478;In2;cotesia_sesamiae_kitale;sesamia_calamistis
scaffold_seg6;1;10903;Segment_6;13.7689;In2;cotesia_sesamiae_kitale;sesamia_calamistis
scaffold_seg5;1;10278;Segment_5;17.2357;In2;cotesia_sesamiae_kitale;sesamia_calamistis
scaffold_seg37;1;3624;Segment_37;4.66409;In2;cotesia_sesamiae_kitale;sesamia_calamistis
scaffold_seg33;1;24407;Segment_33;20.2118;In2;cotesia_sesamiae_kitale;sesamia_calamistis
scaffold_seg15;1;732;Segment_15;3.80711;In2;cotesia_sesamiae_kitale;sesamia_calamistis
scaffold_seg10;1;17413;Segment_10;35.5909;In2;cotesia_sesamiae_kitale;sesamia_calamistis
scaffold_seg11;57;11906;Segment_11;30.0859;In2;cotesia_sesamiae_kitale;sesamia_calamistis
scaffold_1278;11757;31567;Segment_1;144.338;In3;cotesia_sesamiae_kitale;sesamia_calamistis
scaffold_522;242;10656;Segment_16;49.1211;In3;cotesia_sesamiae_kitale;sesamia_calamistis
scaffold_seg7;409;19333;Segment_7;67.828;In3;cotesia_sesamiae_kitale;sesamia_calamistis
scaffold_seg17;1;13662;Segment_17;40.7449;In3;cotesia_sesamiae_kitale;sesamia_calamistis
scaffold_seg12;910;13751;Segment_12;27.5323;In3;cotesia_sesamiae_kitale;sesamia_calamistis
scaffold_seg14;15025;40507;Segment_14;21.348;In3;cotesia_sesamiae_kitale;sesamia_calamistis
scaffold_seg18;1;27168;Segment_18;45.2768;In3;cotesia_sesamiae_kitale;sesamia_calamistis
scaffold_seg26;2631;14106;Segment_26;48.391;In3;cotesia_sesamiae_kitale;sesamia_calamistis
scaffold_seg27;3726;30546;Segment_27;49.05;In3;cotesia_sesamiae_kitale;sesamia_calamistis
scaffold_seg32;1;34249;Segment_32;106.281;In3;cotesia_sesamiae_kitale;sesamia_calamistis
scaffold_seg4;3655;13204;Segment_4;38.3577;In3;cotesia_sesamiae_kitale;sesamia_calamistis
scaffold_seg24;1;21151;Segment_24;41.0968;In3;cotesia_sesamiae_kitale;sesamia_calamistis
scaffold_seg35;1;14181;Segment_35;47.1788;In3;cotesia_sesamiae_kitale;sesamia_calamistis
scaffold_seg28;1;37905;Segment_28;43.6695;In3;cotesia_sesamiae_kitale;sesamia_calamistis
scaffold_seg2;1;17717;Segment_2;73.4281;In3;cotesia_sesamiae_kitale;sesamia_calamistis
scaffold_seg13;1;21345;Segment_13;52.7718;In3;cotesia_sesamiae_kitale;sesamia_calamistis
scaffold_seg23;1;13160;Segment_23;62.0238;In3;cotesia_sesamiae_kitale;sesamia_calamistis
scaffold_seg25;1;10483;Segment_25;58.1268;In3;cotesia_sesamiae_kitale;sesamia_calamistis
scaffold_seg30;1;10891;Segment_30;77.9593;In3;cotesia_sesamiae_kitale;sesamia_calamistis
scaffold_seg36;1;11419;Segment_36;55.0983;In3;cotesia_sesamiae_kitale;sesamia_calamistis
scaffold_seg8;1;5362;Segment_8;134.377;In3;cotesia_sesamiae_kitale;sesamia_calamistis
scaffold_seg6;1;10903;Segment_6;17.2013;In3;cotesia_sesamiae_kitale;sesamia_calamistis
scaffold_seg5;1;10278;Segment_5;36.837;In3;cotesia_sesamiae_kitale;sesamia_calamistis
scaffold_seg37;1;3624;Segment_37;7.41982;In3;cotesia_sesamiae_kitale;sesamia_calamistis
scaffold_seg33;1;24407;Segment_33;40.2917;In3;cotesia_sesamiae_kitale;sesamia_calamistis
scaffold_seg15;1;732;Segment_15;7.49384;In3;cotesia_sesamiae_kitale;sesamia_calamistis
scaffold_seg10;1;17413;Segment_10;52.2847;In3;cotesia_sesamiae_kitale;sesamia_calamistis
scaffold_seg11;57;11906;Segment_11;40.4148;In3;cotesia_sesamiae_kitale;sesamia_calamistis
scf7180000009065;185345;202848;Segment_26;29.1403;SfCi2;cotesia_icipe;spodoptera_frugiperda
scf7180000009065;490798;515935;Segment_1;35.6734;SfCi2;cotesia_icipe;spodoptera_frugiperda
scf7180000008338;3477;18060;Segment_2;44.4001;SfCi2;cotesia_icipe;spodoptera_frugiperda
scf7180000008338;18081;29813;Segment_36;53.8062;SfCi2;cotesia_icipe;spodoptera_frugiperda
scf7180000008879;90421;107868;Segment_24;51.1368;SfCi2;cotesia_icipe;spodoptera_frugiperda
scf7180000008879;140053;161273;Segment_27;52.2632;SfCi2;cotesia_icipe;spodoptera_frugiperda
scf7180000008879;161399;197584;Segment_28;55.9094;SfCi2;cotesia_icipe;spodoptera_frugiperda
scf7180000008879;196504;218887;Segment_13;29.8796;SfCi2;cotesia_icipe;spodoptera_frugiperda
scf7180000008503;309002;319196;Segment_4;79.0278;SfCi2;cotesia_icipe;spodoptera_frugiperda
scf7180000008297;21532;32734;Segment_22;27.8921;SfCi2;cotesia_icipe;spodoptera_frugiperda
scf7180000008297;32755;47391;Segment_31;38.2881;SfCi2;cotesia_icipe;spodoptera_frugiperda
scf7180000008297;47476;61972;Segment_9;76.3799;SfCi2;cotesia_icipe;spodoptera_frugiperda
scf7180000008297;62736;78881;Segment_20;62.966;SfCi2;cotesia_icipe;spodoptera_frugiperda
scf7180000008297;166541;175432;Segment_5;42.0857;SfCi2;cotesia_icipe;spodoptera_frugiperda
scf7180000008297;178186;191142;Segment_6;11.938;SfCi2;cotesia_icipe;spodoptera_frugiperda
scf7180000008297;192067;230517;Segment_23;21.3662;SfCi2;cotesia_icipe;spodoptera_frugiperda
scf7180000008269;674825;701266;Segment_7;99.5769;SfCi2;cotesia_icipe;spodoptera_frugiperda
scf7180000008269;891292;902298;Segment_16;78.6006;SfCi2;cotesia_icipe;spodoptera_frugiperda
scf7180000008269;903606;926438;Segment_18;40.6363;SfCi2;cotesia_icipe;spodoptera_frugiperda
scf7180000008269;926280;936062;Segment_35;32.9444;SfCi2;cotesia_icipe;spodoptera_frugiperda
scf7180000008207;20354;33931;Segment_10;90.1316;SfCi2;cotesia_icipe;spodoptera_frugiperda
scf7180000008207;34207;49441;Segment_17;84.5481;SfCi2;cotesia_icipe;spodoptera_frugiperda
scf7180000009037;38117;64649;Segment_14;76.5901;SfCi2;cotesia_icipe;spodoptera_frugiperda
scf7180000009037;70678;79604;Segment_11;60.8136;SfCi2;cotesia_icipe;spodoptera_frugiperda
scf7180000009037;80016;95663;Segment_12;70.5046;SfCi2;cotesia_icipe;spodoptera_frugiperda
scf7180000008349;32260;45705;Segment_30;62.9792;SfCi2;cotesia_icipe;spodoptera_frugiperda
scf7180000008349;45860;64256;Segment_25;88.9114;SfCi2;cotesia_icipe;spodoptera_frugiperda
scf7180000008349;64327;70479;Segment_19;67.058;SfCi2;cotesia_icipe;spodoptera_frugiperda
scf7180000008913;67924;70902;Segment_21;25.9379;SfCi2;cotesia_icipe;spodoptera_frugiperda
scf7180000008909;10630;42369;Segment_32b;35.6132;SfCi2;cotesia_icipe;spodoptera_frugiperda
scf7180000008269;943138;956257;Segment_35b;31.3631;SfCi2;cotesia_icipe;spodoptera_frugiperda
scf7180000008909;42327;74057;Segment_32bb;42.5601;SfCi2;cotesia_icipe;spodoptera_frugiperda
scf7180000008909;74244;98775;Segment_24b;76.1681;SfCi2;cotesia_icipe;spodoptera_frugiperda
scf7180000008909;98937;108679;Segment_35bb;41.5035;SfCi2;cotesia_icipe;spodoptera_frugiperda
scf7180000008909;108714;131376;Segment_18b;46.711;SfCi2;cotesia_icipe;spodoptera_frugiperda
scf7180000008879;133520;139755;Segment_15;35.6284;SfCi2;cotesia_icipe;spodoptera_frugiperda
scf7180000008879;108075;133520;Segment_32;57.8233;SfCi2;cotesia_icipe;spodoptera_frugiperda
scf7180000009065;185345;202848;Segment_26;51.2928;SfCi1;cotesia_icipe;spodoptera_frugiperda
scf7180000009065;490798;515935;Segment_1;55.2183;SfCi1;cotesia_icipe;spodoptera_frugiperda
scf7180000008338;3477;18060;Segment_2;53.4688;SfCi1;cotesia_icipe;spodoptera_frugiperda
scf7180000008338;18081;29813;Segment_36;60.5124;SfCi1;cotesia_icipe;spodoptera_frugiperda
scf7180000008879;90421;107868;Segment_24;87.5818;SfCi1;cotesia_icipe;spodoptera_frugiperda
scf7180000008879;140053;161273;Segment_27;88.2687;SfCi1;cotesia_icipe;spodoptera_frugiperda
scf7180000008879;161399;197584;Segment_28;95.5461;SfCi1;cotesia_icipe;spodoptera_frugiperda
scf7180000008879;196504;218887;Segment_13;37.0633;SfCi1;cotesia_icipe;spodoptera_frugiperda
scf7180000008503;309002;319196;Segment_4;141.289;SfCi1;cotesia_icipe;spodoptera_frugiperda
scf7180000008297;21532;32734;Segment_22;31.8554;SfCi1;cotesia_icipe;spodoptera_frugiperda
scf7180000008297;32755;47391;Segment_31;40.7723;SfCi1;cotesia_icipe;spodoptera_frugiperda
scf7180000008297;47476;61972;Segment_9;93.6386;SfCi1;cotesia_icipe;spodoptera_frugiperda
scf7180000008297;62736;78881;Segment_20;77.3229;SfCi1;cotesia_icipe;spodoptera_frugiperda
scf7180000008297;166541;175432;Segment_5;59.0008;SfCi1;cotesia_icipe;spodoptera_frugiperda
scf7180000008297;178186;191142;Segment_6;15.9295;SfCi1;cotesia_icipe;spodoptera_frugiperda
scf7180000008297;192067;230517;Segment_23;28.4681;SfCi1;cotesia_icipe;spodoptera_frugiperda
scf7180000008269;674825;701266;Segment_7;159.844;SfCi1;cotesia_icipe;spodoptera_frugiperda
scf7180000008269;891292;902298;Segment_16;137.519;SfCi1;cotesia_icipe;spodoptera_frugiperda
scf7180000008269;903606;926438;Segment_18;74.8331;SfCi1;cotesia_icipe;spodoptera_frugiperda
scf7180000008269;926280;936062;Segment_35;57.2058;SfCi1;cotesia_icipe;spodoptera_frugiperda
scf7180000008207;20354;33931;Segment_10;152.326;SfCi1;cotesia_icipe;spodoptera_frugiperda
scf7180000008207;34207;49441;Segment_17;149.335;SfCi1;cotesia_icipe;spodoptera_frugiperda
scf7180000009037;38117;64649;Segment_14;143.813;SfCi1;cotesia_icipe;spodoptera_frugiperda
scf7180000009037;70678;79604;Segment_11;98.6091;SfCi1;cotesia_icipe;spodoptera_frugiperda
scf7180000009037;80016;95663;Segment_12;122.368;SfCi1;cotesia_icipe;spodoptera_frugiperda
scf7180000008349;32260;45705;Segment_30;79.6858;SfCi1;cotesia_icipe;spodoptera_frugiperda
scf7180000008349;45860;64256;Segment_25;106.842;SfCi1;cotesia_icipe;spodoptera_frugiperda
scf7180000008349;64327;70479;Segment_19;80.4431;SfCi1;cotesia_icipe;spodoptera_frugiperda
scf7180000008913;67924;70902;Segment_21;47.3694;SfCi1;cotesia_icipe;spodoptera_frugiperda
scf7180000008909;10630;42369;Segment_32b;62.1579;SfCi1;cotesia_icipe;spodoptera_frugiperda
scf7180000008269;943138;956257;Segment_35b;52.5331;SfCi1;cotesia_icipe;spodoptera_frugiperda
scf7180000008909;42327;74057;Segment_32bb;73.5137;SfCi1;cotesia_icipe;spodoptera_frugiperda
scf7180000008909;74244;98775;Segment_24b;132.198;SfCi1;cotesia_icipe;spodoptera_frugiperda
scf7180000008909;98937;108679;Segment_35bb;76.528;SfCi1;cotesia_icipe;spodoptera_frugiperda
scf7180000008909;108714;131376;Segment_18b;86.4397;SfCi1;cotesia_icipe;spodoptera_frugiperda
scf7180000008879;133520;139755;Segment_15;58.5196;SfCi1;cotesia_icipe;spodoptera_frugiperda
scf7180000008879;108075;133520;Segment_32;97.1825;SfCi1;cotesia_icipe;spodoptera_frugiperda
bctg00000022;2311633;2326507;Segment_7;0.0201694;FAW6;cotesia_flavipes;spodoptera_frugiperda
bctg00000022;2522654;2534898;Segment_16;0;FAW6;cotesia_flavipes;spodoptera_frugiperda
bctg00000022;2535838;2563158;Segment_18;0;FAW6;cotesia_flavipes;spodoptera_frugiperda
bctg00000022;2563095;2575733;Segment_35;0;FAW6;cotesia_flavipes;spodoptera_frugiperda
bctg00000014;949965;959652;Segment_4;0;FAW6;cotesia_flavipes;spodoptera_frugiperda
bctg00000014;1012676;1024766;Segment_10;0.0248139;FAW6;cotesia_flavipes;spodoptera_frugiperda
bctg00000014;1024707;1037542;Segment_17;0;FAW6;cotesia_flavipes;spodoptera_frugiperda
bctg00000099;22782;24205;Segment_15;0;FAW6;cotesia_flavipes;spodoptera_frugiperda
bctg00000099;57893;77210;Segment_24;0;FAW6;cotesia_flavipes;spodoptera_frugiperda
bctg00000099;1;23618;Segment_27;0;FAW6;cotesia_flavipes;spodoptera_frugiperda
bctg00000099;24647;56647;Segment_32;0;FAW6;cotesia_flavipes;spodoptera_frugiperda
bctg00000015;1304731;1312936;Segment_11;0;FAW6;cotesia_flavipes;spodoptera_frugiperda
bctg00000015;1313255;1325718;Segment_12;0;FAW6;cotesia_flavipes;spodoptera_frugiperda
bctg00000015;1276636;1305053;Segment_14;0;FAW6;cotesia_flavipes;spodoptera_frugiperda
bctg00000004;8972406;8990080;Segment_1;0;FAW6;cotesia_flavipes;spodoptera_frugiperda
bctg00000004;9260813;9269482;Segment_26;0;FAW6;cotesia_flavipes;spodoptera_frugiperda
bctg00000029;2046280;2061447;Segment_2;0;FAW6;cotesia_flavipes;spodoptera_frugiperda
bctg00000029;1933028;1940139;Segment_5;0.0202503;FAW6;cotesia_flavipes;spodoptera_frugiperda
bctg00000029;1926910;1930909;Segment_6;0.0375094;FAW6;cotesia_flavipes;spodoptera_frugiperda
bctg00000029;2097657;2123656;Segment_13;0.0115389;FAW6;cotesia_flavipes;spodoptera_frugiperda
bctg00000029;1886169;1894300;Segment_19;0;FAW6;cotesia_flavipes;spodoptera_frugiperda
bctg00000029;2025346;2046172;Segment_20/33;0.0417747;FAW6;cotesia_flavipes;spodoptera_frugiperda
bctg00000029;1923088;1926404;Segment_23;0.0452352;FAW6;cotesia_flavipes;spodoptera_frugiperda
bctg00000029;1894536;1899971;Segment_25;0;FAW6;cotesia_flavipes;spodoptera_frugiperda
bctg00000029;2128232;2164955;Segment_28;0.00816927;FAW6;cotesia_flavipes;spodoptera_frugiperda
bctg00000029;1904779;1913428;Segment_30;0;FAW6;cotesia_flavipes;spodoptera_frugiperda
bctg00000029;2079414;2097443;Segment_36;0;FAW6;cotesia_flavipes;spodoptera_frugiperda
bctg00000029;2125144;2127829;Segment_37;0;FAW6;cotesia_flavipes;spodoptera_frugiperda
bctg00000022;2311633;2326507;Segment_7;48.3216;FAW5;cotesia_flavipes;spodoptera_frugiperda
bctg00000022;2522654;2534898;Segment_16;21.9242;FAW5;cotesia_flavipes;spodoptera_frugiperda
bctg00000022;2535838;2563158;Segment_18;64.8936;FAW5;cotesia_flavipes;spodoptera_frugiperda
bctg00000022;2563095;2575733;Segment_35;44.0806;FAW5;cotesia_flavipes;spodoptera_frugiperda
bctg00000014;949965;959652;Segment_4;24.2875;FAW5;cotesia_flavipes;spodoptera_frugiperda
bctg00000014;1012676;1024766;Segment_10;35.8022;FAW5;cotesia_flavipes;spodoptera_frugiperda
bctg00000014;1024707;1037542;Segment_17;23.3519;FAW5;cotesia_flavipes;spodoptera_frugiperda
bctg00000099;22782;24205;Segment_15;25.8117;FAW5;cotesia_flavipes;spodoptera_frugiperda
bctg00000099;57893;77210;Segment_24;46.5892;FAW5;cotesia_flavipes;spodoptera_frugiperda
bctg00000099;1;23618;Segment_27;49.8513;FAW5;cotesia_flavipes;spodoptera_frugiperda
bctg00000099;24647;56647;Segment_32;53.8148;FAW5;cotesia_flavipes;spodoptera_frugiperda
bctg00000015;1304731;1312936;Segment_11;19.921;FAW5;cotesia_flavipes;spodoptera_frugiperda
bctg00000015;1313255;1325718;Segment_12;15.0138;FAW5;cotesia_flavipes;spodoptera_frugiperda
bctg00000015;1276636;1305053;Segment_14;26.1978;FAW5;cotesia_flavipes;spodoptera_frugiperda
bctg00000004;8972406;8990080;Segment_1;44.972;FAW5;cotesia_flavipes;spodoptera_frugiperda
bctg00000004;9260813;9269482;Segment_26;44.0288;FAW5;cotesia_flavipes;spodoptera_frugiperda
bctg00000029;2046280;2061447;Segment_2;14.0162;FAW5;cotesia_flavipes;spodoptera_frugiperda
bctg00000029;1933028;1940139;Segment_5;12.088;FAW5;cotesia_flavipes;spodoptera_frugiperda
bctg00000029;1926910;1930909;Segment_6;2.42586;FAW5;cotesia_flavipes;spodoptera_frugiperda
bctg00000029;2097657;2123656;Segment_13;15.5593;FAW5;cotesia_flavipes;spodoptera_frugiperda
bctg00000029;1886169;1894300;Segment_19;6.2702;FAW5;cotesia_flavipes;spodoptera_frugiperda
bctg00000029;2025346;2046172;Segment_20/33;27.8126;FAW5;cotesia_flavipes;spodoptera_frugiperda
bctg00000029;1923088;1926404;Segment_23;6.84771;FAW5;cotesia_flavipes;spodoptera_frugiperda
bctg00000029;1894536;1899971;Segment_25;21.1511;FAW5;cotesia_flavipes;spodoptera_frugiperda
bctg00000029;2128232;2164955;Segment_28;41.9136;FAW5;cotesia_flavipes;spodoptera_frugiperda
bctg00000029;1904779;1913428;Segment_30;7.82264;FAW5;cotesia_flavipes;spodoptera_frugiperda
bctg00000029;2079414;2097443;Segment_36;7.89739;FAW5;cotesia_flavipes;spodoptera_frugiperda
bctg00000029;2125144;2127829;Segment_37;0.461453;FAW5;cotesia_flavipes;spodoptera_frugiperda
bctg00000022;2311633;2326507;Segment_7;16.5987;FAW4;cotesia_flavipes;spodoptera_frugiperda
bctg00000022;2522654;2534898;Segment_16;7.43139;FAW4;cotesia_flavipes;spodoptera_frugiperda
bctg00000022;2535838;2563158;Segment_18;21.5549;FAW4;cotesia_flavipes;spodoptera_frugiperda
bctg00000022;2563095;2575733;Segment_35;14.9372;FAW4;cotesia_flavipes;spodoptera_frugiperda
bctg00000014;949965;959652;Segment_4;8.86446;FAW4;cotesia_flavipes;spodoptera_frugiperda
bctg00000014;1012676;1024766;Segment_10;10.7908;FAW4;cotesia_flavipes;spodoptera_frugiperda
bctg00000014;1024707;1037542;Segment_17;8.78769;FAW4;cotesia_flavipes;spodoptera_frugiperda
bctg00000099;22782;24205;Segment_15;7.03443;FAW4;cotesia_flavipes;spodoptera_frugiperda
bctg00000099;57893;77210;Segment_24;14.0907;FAW4;cotesia_flavipes;spodoptera_frugiperda
bctg00000099;1;23618;Segment_27;16.2727;FAW4;cotesia_flavipes;spodoptera_frugiperda
bctg00000099;24647;56647;Segment_32;18.6487;FAW4;cotesia_flavipes;spodoptera_frugiperda
bctg00000015;1304731;1312936;Segment_11;7.18769;FAW4;cotesia_flavipes;spodoptera_frugiperda
bctg00000015;1313255;1325718;Segment_12;4.48375;FAW4;cotesia_flavipes;spodoptera_frugiperda
bctg00000015;1276636;1305053;Segment_14;8.76532;FAW4;cotesia_flavipes;spodoptera_frugiperda
bctg00000004;8972406;8990080;Segment_1;15.9976;FAW4;cotesia_flavipes;spodoptera_frugiperda
bctg00000004;9260813;9269482;Segment_26;17.727;FAW4;cotesia_flavipes;spodoptera_frugiperda
bctg00000029;2046280;2061447;Segment_2;5.62049;FAW4;cotesia_flavipes;spodoptera_frugiperda
bctg00000029;1933028;1940139;Segment_5;4.11813;FAW4;cotesia_flavipes;spodoptera_frugiperda
bctg00000029;1926910;1930909;Segment_6;0.588147;FAW4;cotesia_flavipes;spodoptera_frugiperda
bctg00000029;2097657;2123656;Segment_13;5.20247;FAW4;cotesia_flavipes;spodoptera_frugiperda
bctg00000029;1886169;1894300;Segment_19;1.89435;FAW4;cotesia_flavipes;spodoptera_frugiperda
bctg00000029;2025346;2046172;Segment_20/33;10.0108;FAW4;cotesia_flavipes;spodoptera_frugiperda
bctg00000029;1923088;1926404;Segment_23;2.25663;FAW4;cotesia_flavipes;spodoptera_frugiperda
bctg00000029;1894536;1899971;Segment_25;8.14664;FAW4;cotesia_flavipes;spodoptera_frugiperda
bctg00000029;2128232;2164955;Segment_28;13.5913;FAW4;cotesia_flavipes;spodoptera_frugiperda
bctg00000029;1904779;1913428;Segment_30;3.55336;FAW4;cotesia_flavipes;spodoptera_frugiperda
bctg00000029;2079414;2097443;Segment_36;2.9838;FAW4;cotesia_flavipes;spodoptera_frugiperda
bctg00000029;2125144;2127829;Segment_37;0;FAW4;cotesia_flavipes;spodoptera_frugiperda
bctg00000022;2311633;2326507;Segment_7;165.58;Cp6_b;cotesia_flavipes;chilo_partellus
bctg00000022;2522654;2534898;Segment_16;77.8639;Cp6_b;cotesia_flavipes;chilo_partellus
bctg00000022;2535838;2563158;Segment_18;186.994;Cp6_b;cotesia_flavipes;chilo_partellus
bctg00000022;2563095;2575733;Segment_35;159.358;Cp6_b;cotesia_flavipes;chilo_partellus
bctg00000014;949965;959652;Segment_4;136.5;Cp6_b;cotesia_flavipes;chilo_partellus
bctg00000014;1012676;1024766;Segment_10;160.812;Cp6_b;cotesia_flavipes;chilo_partellus
bctg00000014;1024707;1037542;Segment_17;89.1754;Cp6_b;cotesia_flavipes;chilo_partellus
bctg00000099;22782;24205;Segment_15;137.134;Cp6_b;cotesia_flavipes;chilo_partellus
bctg00000099;57893;77210;Segment_24;163.524;Cp6_b;cotesia_flavipes;chilo_partellus
bctg00000099;1;23618;Segment_27;177.91;Cp6_b;cotesia_flavipes;chilo_partellus
bctg00000099;24647;56647;Segment_32;171.558;Cp6_b;cotesia_flavipes;chilo_partellus
bctg00000015;1304731;1312936;Segment_11;150.803;Cp6_b;cotesia_flavipes;chilo_partellus
bctg00000015;1313255;1325718;Segment_12;80.8398;Cp6_b;cotesia_flavipes;chilo_partellus
bctg00000015;1276636;1305053;Segment_14;142.971;Cp6_b;cotesia_flavipes;chilo_partellus
bctg00000004;8972406;8990080;Segment_1;137.529;Cp6_b;cotesia_flavipes;chilo_partellus
bctg00000004;9260813;9269482;Segment_26;172.818;Cp6_b;cotesia_flavipes;chilo_partellus
bctg00000029;2046280;2061447;Segment_2;126.313;Cp6_b;cotesia_flavipes;chilo_partellus
bctg00000029;1933028;1940139;Segment_5;124.659;Cp6_b;cotesia_flavipes;chilo_partellus
bctg00000029;1926910;1930909;Segment_6;51.3458;Cp6_b;cotesia_flavipes;chilo_partellus
bctg00000029;2097657;2123656;Segment_13;83.8698;Cp6_b;cotesia_flavipes;chilo_partellus
bctg00000029;1886169;1894300;Segment_19;69.1537;Cp6_b;cotesia_flavipes;chilo_partellus
bctg00000029;2025346;2046172;Segment_20/33;145.479;Cp6_b;cotesia_flavipes;chilo_partellus
bctg00000029;1923088;1926404;Segment_23;50.294;Cp6_b;cotesia_flavipes;chilo_partellus
bctg00000029;1894536;1899971;Segment_25;148.035;Cp6_b;cotesia_flavipes;chilo_partellus
bctg00000029;2128232;2164955;Segment_28;118.653;Cp6_b;cotesia_flavipes;chilo_partellus
bctg00000029;1904779;1913428;Segment_30;70.2205;Cp6_b;cotesia_flavipes;chilo_partellus
bctg00000029;2079414;2097443;Segment_36;64.6789;Cp6_b;cotesia_flavipes;chilo_partellus
bctg00000029;2125144;2127829;Segment_37;103.834;Cp6_b;cotesia_flavipes;chilo_partellus
bctg00000022;2311633;2326507;Segment_7;39.1437;Cp5;cotesia_flavipes;chilo_partellus
bctg00000022;2522654;2534898;Segment_16;17.608;Cp5;cotesia_flavipes;chilo_partellus
bctg00000022;2535838;2563158;Segment_18;40.9837;Cp5;cotesia_flavipes;chilo_partellus
bctg00000022;2563095;2575733;Segment_35;33.8841;Cp5;cotesia_flavipes;chilo_partellus
bctg00000014;949965;959652;Segment_4;25.7804;Cp5;cotesia_flavipes;chilo_partellus
bctg00000014;1012676;1024766;Segment_10;35.0526;Cp5;cotesia_flavipes;chilo_partellus
bctg00000014;1024707;1037542;Segment_17;17.6663;Cp5;cotesia_flavipes;chilo_partellus
bctg00000099;22782;24205;Segment_15;26.4491;Cp5;cotesia_flavipes;chilo_partellus
bctg00000099;57893;77210;Segment_24;39.169;Cp5;cotesia_flavipes;chilo_partellus
bctg00000099;1;23618;Segment_27;40.375;Cp5;cotesia_flavipes;chilo_partellus
bctg00000099;24647;56647;Segment_32;40.6004;Cp5;cotesia_flavipes;chilo_partellus
bctg00000015;1304731;1312936;Segment_11;31.0535;Cp5;cotesia_flavipes;chilo_partellus
bctg00000015;1313255;1325718;Segment_12;18.6359;Cp5;cotesia_flavipes;chilo_partellus
bctg00000015;1276636;1305053;Segment_14;28.8797;Cp5;cotesia_flavipes;chilo_partellus
bctg00000004;8972406;8990080;Segment_1;32.9261;Cp5;cotesia_flavipes;chilo_partellus
bctg00000004;9260813;9269482;Segment_26;37.5111;Cp5;cotesia_flavipes;chilo_partellus
bctg00000029;2046280;2061447;Segment_2;22.7212;Cp5;cotesia_flavipes;chilo_partellus
bctg00000029;1933028;1940139;Segment_5;22.0539;Cp5;cotesia_flavipes;chilo_partellus
bctg00000029;1926910;1930909;Segment_6;7.01825;Cp5;cotesia_flavipes;chilo_partellus
bctg00000029;2097657;2123656;Segment_13;16.2754;Cp5;cotesia_flavipes;chilo_partellus
bctg00000029;1886169;1894300;Segment_19;10.6194;Cp5;cotesia_flavipes;chilo_partellus
bctg00000029;2025346;2046172;Segment_20/33;26.3622;Cp5;cotesia_flavipes;chilo_partellus
bctg00000029;1923088;1926404;Segment_23;10.9321;Cp5;cotesia_flavipes;chilo_partellus
bctg00000029;1894536;1899971;Segment_25;24.08;Cp5;cotesia_flavipes;chilo_partellus
bctg00000029;2128232;2164955;Segment_28;28.5463;Cp5;cotesia_flavipes;chilo_partellus
bctg00000029;1904779;1913428;Segment_30;12.8643;Cp5;cotesia_flavipes;chilo_partellus
bctg00000029;2079414;2097443;Segment_36;10.7149;Cp5;cotesia_flavipes;chilo_partellus
bctg00000029;2125144;2127829;Segment_37;12.1728;Cp5;cotesia_flavipes;chilo_partellus
bctg00000022;2311633;2326507;Segment_7;33.6241;Cp4;cotesia_flavipes;chilo_partellus
bctg00000022;2522654;2534898;Segment_16;15.7664;Cp4;cotesia_flavipes;chilo_partellus
bctg00000022;2535838;2563158;Segment_18;37.9802;Cp4;cotesia_flavipes;chilo_partellus
bctg00000022;2563095;2575733;Segment_35;30.7184;Cp4;cotesia_flavipes;chilo_partellus
bctg00000014;949965;959652;Segment_4;26.5337;Cp4;cotesia_flavipes;chilo_partellus
bctg00000014;1012676;1024766;Segment_10;32.8451;Cp4;cotesia_flavipes;chilo_partellus
bctg00000014;1024707;1037542;Segment_17;16.5467;Cp4;cotesia_flavipes;chilo_partellus
bctg00000099;22782;24205;Segment_15;21.7646;Cp4;cotesia_flavipes;chilo_partellus
bctg00000099;57893;77210;Segment_24;33.7114;Cp4;cotesia_flavipes;chilo_partellus
bctg00000099;1;23618;Segment_27;35.1288;Cp4;cotesia_flavipes;chilo_partellus
bctg00000099;24647;56647;Segment_32;34.8243;Cp4;cotesia_flavipes;chilo_partellus
bctg00000015;1304731;1312936;Segment_11;29.4726;Cp4;cotesia_flavipes;chilo_partellus
bctg00000015;1313255;1325718;Segment_12;16.1707;Cp4;cotesia_flavipes;chilo_partellus
bctg00000015;1276636;1305053;Segment_14;28.5118;Cp4;cotesia_flavipes;chilo_partellus
bctg00000004;8972406;8990080;Segment_1;25.8704;Cp4;cotesia_flavipes;chilo_partellus
bctg00000004;9260813;9269482;Segment_26;34.0931;Cp4;cotesia_flavipes;chilo_partellus
bctg00000029;2046280;2061447;Segment_2;21.9562;Cp4;cotesia_flavipes;chilo_partellus
bctg00000029;1933028;1940139;Segment_5;22.7584;Cp4;cotesia_flavipes;chilo_partellus
bctg00000029;1926910;1930909;Segment_6;8.3986;Cp4;cotesia_flavipes;chilo_partellus
bctg00000029;2097657;2123656;Segment_13;16.5113;Cp4;cotesia_flavipes;chilo_partellus
bctg00000029;1886169;1894300;Segment_19;12.9726;Cp4;cotesia_flavipes;chilo_partellus
bctg00000029;2025346;2046172;Segment_20/33;28.9173;Cp4;cotesia_flavipes;chilo_partellus
bctg00000029;1923088;1926404;Segment_23;9.13571;Cp4;cotesia_flavipes;chilo_partellus
bctg00000029;1894536;1899971;Segment_25;28.7391;Cp4;cotesia_flavipes;chilo_partellus
bctg00000029;2128232;2164955;Segment_28;24.7303;Cp4;cotesia_flavipes;chilo_partellus
bctg00000029;1904779;1913428;Segment_30;15.1919;Cp4;cotesia_flavipes;chilo_partellus
bctg00000029;2079414;2097443;Segment_36;11.0657;Cp4;cotesia_flavipes;chilo_partellus
bctg00000029;2125144;2127829;Segment_37;16.692;Cp4;cotesia_flavipes;chilo_partellus
JAAOIC020000021.1;1;10520;Segment_30;69.3459;a1;cotesia_typhae;sesamia_nonagrioides
JAAOIC020000026.1;153972;162773;Segment_6;60.0525;a1;cotesia_typhae;sesamia_nonagrioides
JAAOIC020000026.1;143626;151685;Segment_5;28.5174;a1;cotesia_typhae;sesamia_nonagrioides
JAAOIC020000026.1;13828;29878;Segment_2;67.5472;a1;cotesia_typhae;sesamia_nonagrioides
JAAOIC020000026.1;213;13813;Segment_36;51.7374;a1;cotesia_typhae;sesamia_nonagrioides
JAAOIC020000031.1;667;4352;Segment_37;27.4855;a1;cotesia_typhae;sesamia_nonagrioides
JAAOIC020000031.1;4514;41675;Segment_28;92.3892;a1;cotesia_typhae;sesamia_nonagrioides
JAAOIC020000035.1;1;30242;Segment_27;71.3281;a1;cotesia_typhae;sesamia_nonagrioides
JAAOIC020000035.1;30722;63950;Segment_32;90.1102;a1;cotesia_typhae;sesamia_nonagrioides
JAAOIC020000035.1;64670;85950;Segment_24;64.2502;a1;cotesia_typhae;sesamia_nonagrioides
JAAOIC020000035.1;86101;98819;Segment_35;55.6;a1;cotesia_typhae;sesamia_nonagrioides
JAAOIC020000035.1;98856;123006;Segment_18;67.17;a1;cotesia_typhae;sesamia_nonagrioides
JAAOIC020000026.1;163165;166344;Segment_23;88.3709;a1;cotesia_typhae;sesamia_nonagrioides
JAAOIC020000054.1;1;69858;Segment_25;35.97;a1;cotesia_typhae;sesamia_nonagrioides
JAAOIC020000039.1;11078861;11088063;Segment_26;90.5505;a1;cotesia_typhae;sesamia_nonagrioides
JAAOIC020000039.1;10779988;10800059;Segment_1;203.713;a1;cotesia_typhae;sesamia_nonagrioides
JAAOIC020000035.1;355273;373607;Segment_7;132.608;a1;cotesia_typhae;sesamia_nonagrioides
JAAOIC020000023.1;1359742;1373010;Segment_12;51.3234;a1;cotesia_typhae;sesamia_nonagrioides
JAAOIC020000023.1;1317007;1345253;Segment_14;33.6095;a1;cotesia_typhae;sesamia_nonagrioides
JAAOIC020000023.1;1347572;1359376;Segment_11;39.1744;a1;cotesia_typhae;sesamia_nonagrioides
JAAOIC020000072.1;989293;998487;Segment_4;58.0125;a1;cotesia_typhae;sesamia_nonagrioides
JAAOIC020000072.1;1058754;1076122;Segment_10;53.6232;a1;cotesia_typhae;sesamia_nonagrioides
JAAOIC020000072.1;1076379;1090049;Segment_17;62.3443;a1;cotesia_typhae;sesamia_nonagrioides
JAAOIC020000035.1;30332;30658;Segment_15;15.8405;a1;cotesia_typhae;sesamia_nonagrioides
JAAOIC020000035.1;124144;133421;Segment_16;61.2561;a1;cotesia_typhae;sesamia_nonagrioides
JAAOIC020000054.1;70049;76798;Segment_19;32.8237;a1;cotesia_typhae;sesamia_nonagrioides
JAAOIC020000026.1;29896;54070;Segment_20/33;95.3409;a1;cotesia_typhae;sesamia_nonagrioides
